name,color,movie,place,actor,sport,food,vehical,actress,domain,skillset,company,experience,marital;
"anija","white","manichithrathazhu","kochin","mohanlal","badmintion","parrota and beef","bike","shobhana","ruby","ruby rails javascript","ruby on rails pvt lmt tiruvandram","five","married";
"hemanth","blue","3idiots","kodaicanal","akshaykumar","cricket","veg biryani","bike","sonakshi","devolopment","ruby","pramati","four","married";
"haridasnarayanaswamy","blue","kunfu panda","kumarakam(kerala)","mamutti","cricket","malabar biriyani","car","parvathi","machinelearning","ML","google","Nine","married";
"raveena","orange","CIA","dubai","mohanlal","cricket","chicken biriyani","bike","nazriya","development","python","pramati","zero","single";
"sindu","pink","mugavari","swtizerland","ajith","tennis","chicken","bike","keerthi suresh","development","php","pramati","3","married";
"rakesh","white","metukudi","tirunelveli","ajith","cricket","fish","bike","trisha","devops","docker","pramati","nine","married";
"amoslayola","blue","lord of rings","trichy","none","cricket","biriyani","car","none","data science","data science","pramati","5","married";
"ashokraja","red","prediator","kanya kumari","none","foot ball","noodles","bike","jacqueline","big data","data base","pramati","6","single";
"arun","blue","alaipayuthey","gokarna","vijay sethupathi","hockey","continental","bicycle","simran","distributed computing,machine learning","verizon","12","married";

